claim_id,claim,explanation,sources,label,subjects
15661,"""""""The money the Clinton Foundation took from from foreign governments while Hillary Clinton was secretary of state """"""""is clearly illegal. … The Constitution says you can’t take this stuff.""""""","""""""Gingrich said the Clinton Foundation """"""""took money from from foreign governments while (Hillary Clinton) was secretary of state. It is clearly illegal. … The Constitution says you can’t take this stuff."""""""" A clause in the Constitution does prohibit U.S. officials such as former Secretary of State Hillary Clinton from receiving gifts, or emoluments, from foreign governments. But the gifts in this case were donations from foreign governments that went to the Clinton Foundation, not Hillary Clinton. She was not part of the foundation her husband founded while she was secretary of state. Does that violate the Constitution? Some libertarian-minded constitutional law experts say it very well could. Others are skeptical. What’s clear is there is room for ambiguity, and the donations are anything but """"""""clearly illegal."""""""" The reality is this a hazy part of U.S. constitutional law. ""","https://www.wsj.com/articles/clinton-foundation-defends-acceptance-of-foreign-donations-1424302856, https://www.washingtonpost.com/politics/for-clintons-speech-income-shows-how-their-wealth-is-intertwined-with-charity/2015/04/22/12709ec0-dc8d-11e4-a500-1c5bb1d8ff6a_story.html?tid=pm_politics_pop_b, https://www.politifact.com/truth-o-meter/statements/2009/oct/29/ginny-brown-waite/does-president-need-permission-congress-accept-nob/, https://www.politifact.com/truth-o-meter/statements/2015/feb/26/american-crossroads/conservative-group-claims-hillary-clintons-foundat/, http://thefederalist.com/2015/03/02/the-u-s-constitution-actually-bans-hillarys-foreign-government-payola/, https://www.wsj.com/articles/foreign-government-gifts-to-clinton-foundation-on-the-rise-1424223031, https://www.washingtonpost.com/politics/foreign-governments-gave-millions-to-foundation-while-clinton-was-at-state-dept/2015/02/25/31937c1e-bc3f-11e4-8668-4e7ba8439ca6_story.html, https://www.politifact.com/truth-o-meter/statements/2014/apr/01/facebook-posts/meme-says-barack-obamas-acceptance-islamic-order-a/, https://www.nytimes.com/2015/04/20/us/politics/new-book-clinton-cash-questions-foreign-donations-to-foundation.html?&assetType=nyt_now",false,"Foreign Policy, PunditFact, Newt Gingrich, "
9893,Annual Mammograms May Have More False-Positives,"This article reports on the results of a study of nearly 170,000 women who had screening mammograms beginning between age 40-59. The study found that over ten years of screening mammograms, over half of the women will experience a false-positive recall for additional mammography. In addition, 7%-9% of the women will have a biopsy for a suspicious lump which is not cancerous. Both of those percentages decrease if the woman is screened every other year rather than every year. Even with biennial mammography, 41% of women will experience a recall over 10 years of mammography. The study’s Principal Investigator emphasized that “in most cases, a recall doesn’t mean you have cancer.”  She hoped this knowledge would reduce the anxiety of women who are recalled. The story never explained the size of the decrease in the number of false positives between annual (61.3%) and biennial screening (41.6%). Our first two reviewers were a researcher who specializes in health decisions and a breast cancer survivor trained in evidence by the Natiional Breast Cancer Coalition’s Project LEAD. This study is valuable because it helps to quantify and compare the harms of annual and biennial screening, specifically the number of false positives and the number of unnecessary biopsies. Prior to this study, estimates of false positive screening mammography rates varied widely. The critical question is whether you can do less frequent screening, subject women to fewer harms and get similar results in terms of detection of “early stage” cancer. This study’s data seems to suggest that answer is yes.", ,mixture,"Screening,WebMD,women's health"
11358,SBRT Offers Prostate Cancer Patients High Cancer Control and Low Toxicity in Fewer Treatments,"This news release describes five-year outcomes for 309 men with early-stage prostate cancer who received stereotactic body radiation therapy (SBRT), which delivers targeted doses of radiation cheaper and faster than the prevailing radiation therapy treatment for prostate cancer. The study measured the rates of severe injury to surrounding tissues and disease-free survival. The news release said it’s the first large, multi-institutional study of this technology in prostate cancer with long-term follow-up, involving patients at 21 community, regional, and academic hospitals across the U.S. The release does a good job of quantifying the evidence but could have helped readers better understand the implications of the data by giving cost and safety comparisons with other radiation treatment, and by discussing limitations related to using a historical control group (rather than a contemporaneous control group) which introduces potential for bias. The release is based on a study presented at the American Society for Radiation Oncology (ASTRO) annual conference. The study abstract can be found on page 4 of this document. Prostate cancer is a commonly diagnosed condition in men that is associated with aging. Many patients don’t realize that prostate cancer is not a uniformly fatal disease. For men with low risk disease, active surveillance without treatment is a viable option. Even for men with higher risk disease where treatment is warranted, one needs to follow patients for 10-15 years to identify a survival benefit from treatment. This is useful context to keep in mind when examining this new study of patients with low and intermediate risk prostate cancer. The results present a rosy picture of SBRT, in terms of both benefits and harms. However, without a contemporaneous control group, such as those receiving intensity-modulated radiation therapy (IMRT) or even active surveillance, one cannot be sure that these favorable results are due to the treatment itself or the patients who were selected for treatment. Comparing results of individuals who are likely to live a long time with their disease to those treated at some point in the past is rife with problems and such studies, called case series, are deemed to be low on the ladder of scientific rigor. Even the low rate of complications, while very reassuring, still would benefit from a comparison to patients treated with other forms of radiation at the same time period.","https://www.healthnewsreview.org/wp-content/uploads/2016/09/iStock_371304_SMALL.jpg,https://www.healthnewsreview.org/wp-content/uploads/2016/09/ASTRO_2016_Meier.pdf",mixture,"Association/Society news release,Cancer"
10166,"Study: Vaccine for Breast, Ovarian Cancer Has Potential","While the story does many things well, the overall framing of the story is that the vaccine “shows promise,” when the evidence actually points in the other direction. Because only one patient in the study remains cancer free and because that patient may very well have benefited from an earlier cancer vaccine and other complicating factors, we question the decision to write this story in the first place. Right now, there more than 10,000 cancer-related clinical trials recruiting patients. Cancer has foiled scientists repeatedly with treatments that initially seemed promising in the laboratory or in a very small group of people and later proved unworkable on a larger scale. It’s a difficult task — but a crucial one — for reporters to ask tough questions of the evidence and a wide range of sources before deciding whether one of these thousands of experimental treatment options merits coverage.",http://clinicaltrials.gov/ct2/results?term=cancer&recr=Open&no_unk=Y,true,"Cancer,WebMD,women's health"
11276,Some appendicitis cases may not require ’emergency’ surgery,"We really don’t understand why only a handful of mainstream news organizations reported this story. (At least in what we found.) The most common emergency surgery in the world. Rushing to emergency surgery may not carry any benefit. Waiting a few hours may be safer and less expensive. Why is that not a story? We applaud USA Today for finding time and space – and clearly it didn’t need to free up much space to do a good job telling the story. The story explains that as many as 300,000 appendectomies are done each year in the US. That figure alone explains why this is an important study to report.", ,true, 
9851,Angioplasty through the wrist backed by new study,"This is a good piece of reporting about a recent study comparing two different insertion sites to obtain access for angioplasty. While not providing any insight about the specific circumstances when there may be medical reasons to chose one access site over another, the story did a nice job of informing readers that there might actually be a choice when having an angioplasty. It provided information that a reader could use to have a conversation with a doctor about the decision. However – the story should have included some insight about the strength of the observation obtained from the current study. As it was not a controlled study – so it did not evaluate the two procedures in a controlled environment – any predictions are tentative and require further examination. Overall, though, this was a balanced, clear and concise story about an approach that might be a safer alternative to the dominant way of doing an angioplasty. The story included an independent expert to comment on the study. And it reported absolute rates as well as relative rates so the reader can really get a sense of the safety of the new procedure.", ,true, 
10527,Poor test results for heart drugs,"""""""The story reports no additional cardiovascular protection with the cholesterol lowering drug ezetimibe (Zetia) alone, or in combination with the statin simvastatin (trade name Zocor). The report is unfortunately yet another example of an attempt to explain a very complicated story in a short TV chat. The study design, patient population, methodology and support for the surrogate endpoint are absent from the discussion. So, the context of """"""""failure"""""""" is totally lost on the audience. This failure to provide any context is especially unfortunate because the report was accompanied by two excellent editorials. The editorial by Brown and Taylor in the NEJM highlights the study design, patient cohort studied and puts the results into an objective context. This report does little to inform its listeners and a wonderful opportunity was lost in the process. The story does not note the cost of a typical statin regimen, Zetia or the combination treatment, Vytorin. This is an important oversight as many people who are prescribed these medications take them for life. The story does mention that these new drugs """"""""raked in 5 billion dollars last year"""""""". The failure of the combination product to be better than simvastatin alone has significant financial implications. Simvastatin (the generic name for Merck’s Zocor) is available for about $1.25 a day. Vytorin costs about $3.35 a day. Most clinicians assumed that the combined product was an advantage if you could not get a patient to a LDL goal with just the statin alone or side effects with the simvastatin prevented an adequate dose. The price for the combination is less than the cost of the components. Also, stating that taking more statins is the answer is incomplete at best. Lifestyle changes along with other drugs may be options as well. Interestingly however, this study raises questions about the simple notion that lowering total cholesterol, and LDL are important to lowering cardiovascular risk. People who are not able to lower their cholesterol enough with statins alone (or cannot tolerate the dose of statins needed to lower it) may wish to discuss with their doctor whether other medications (i.e., rather than ezetimibe) may be appropriate. These include niacin, fibrates, and bile acid resins. When added to statins, they can effectively lower cardiovascular risk. There are no interviews with the study authors or with practicing clinicians. The story reported on data presented at a recent American College of Cardiology Meeting, so there were several thousand cardiologists and other specialists available who could have been interviewed for clinical perspective on the results of this study.""""""", ,false, 
11433,Cancer Activist Sounds Alarm For Early Testing For Genetic Marker,"Fails to present the nuances associated with testing for BRCA gene mutations. Focusing on a patient advocate who encourages genetic testing in those with a strong family history of breast or ovarian cancer may have helped narrative flow, but it may not have been representative of women’s experiences. While the risks associated with developing cancer with and without a BRCA1 gene mutation were accurately presented, the story would have been vastly improved had it included:    information on cost and insurance coverage associated with BRCA testing;  clarification on what constitutes a strong family history of breast and ovarian cancer;  information on the potential psychological and social harms associated with genetic testing; all the options (not just prophylactic surgery) for preventing cancer in high-risk patients; commentary from experts in the field, as well as from other women who underwent BRCA testing.", ,false, 
12216,"At the end of 2016, there were 23 percent fewer federal prosecutions than in 2011, so (prosecutors) looked at this scourge (opioid deaths) and they let it go by.","""""""Trump said """"""""at the end of 2016, there were 23 percent fewer federal prosecutions than in 2011, so (prosecutors) looked at this surge and they let it go by."""""""" Trump made the statement in the context of rising opioid overdose deaths. An analysis of data shows that federal drug charges overall declined 23 percent between 2011 and 2016. But that data doesn’t tell us anything about opioid cases specifically. Where Trump misses the mark is his suggestion that the drop in prosecutions is to blame for the opioid epidemic, which started before Obama’s tenure and then grew worse during his presidency. Obama could have done more earlier to address the epidemic, experts said, but there is no evidence that his strategy on federal drug prosecutions led to a spike in opioid overdose deaths.""""""","https://www.youtube.com/watch?v=pxSAhEPBnyA, https://www.justice.gov/opa/pr/attorney-general-sessions-announces-opioid-fraud-and-abuse-detection-unit, https://www.whitehouse.gov/sites/whitehouse.gov/files/ondcp/commission-interim-report.pdf, https://www.cdc.gov/mmwr/preview/mmwrhtml/mm6450a3.htm, https://www.justice.gov/sites/default/files/ag/legacy/2014/04/11/ag-memo-substantial-federal-interest.pdf, https://www.justice.gov/opa/speech/attorney-general-eric-holder-delivers-remarks-annual-meeting-american-bar-associations, https://www.vox.com/science-and-health/2017/8/1/15746780/opioid-epidemic-end, https://www.politifact.com/truth-o-meter/statements/2017/may/18/charles-schumer/did-federal-inmate-population-drop-under-obama-fir/, https://addiction.surgeongeneral.gov/, http://www.pewresearch.org/fact-tank/2017/03/28/federal-criminal-prosecutions-fall-to-lowest-level-in-nearly-two-decades/, https://www.politifact.com/truth-o-meter/statements/2016/may/26/donald-trump/donald-trump-wrong-hillary-clinton-wants-release-a/, https://www.justice.gov/usao/file/895091/download, http://www.weeklystandard.com/trump-declares-war-on-opioids/article/2009203, https://www.justice.gov/iso/opa/resources/3052013829132756857467.pdf, https://www.drugabuse.gov/about-nida/legislative-activities/testimony-to-congress/2016/americas-addiction-to-opioids-heroin-prescription-drug-abuse#_ftn2, https://www.whitehouse.gov/the-press-office/2017/08/08/remarks-president-trump-briefing-opioid-crisis, https://www.sciencedaily.com/releases/2017/05/170501131756.htm, http://www.ncsl.org/blog/2017/01/31/preventing-opioid-misuse-legislative-trends-and-predictions.aspx, http://www.pewresearch.org/fact-tank/, https://www.whitehouse.gov/the-press-office/2017/08/08/press-briefing-opioid-crisis-882017, https://www.nytimes.com/2017/08/08/us/politics/trump-opioid-crisis.html",mixture,"Drugs, Crime, Florida, Donald Trump, "
32993,Hillary Clinton is (or was) a member of Monsanto's board of directors.,"But despite the rumor’s proliferation across social media, there’s no truth to the claim that Hillary Clinton sat on Monsanto’s board of directors at any point during her career. Moreover, we found no direct ties between Hillary Clinton and the agribusiness firm in regards to political fundraising. Apart from working with Crawford (whose firm has also provided services for Monsanto), Clinton has no obvious ties to the Monsanto corporation.", ,false,"Politics, 2016 presidential campaign, hillary clinton, monsanto"
15232,"Rhode Island will become just the second state to mandate the vaccine … and the only state to do so by regulatory fiat, without public debate, and without consideration from the elected representatives of the people.","""""""The center says """"""""Rhode Island will become just the second state to mandate the vaccine … and the only state to do so by regulatory fiat, without public debate, and without consideration from the elected representatives of the people."""""""" The center, in its statement, got two things right and two things wrong. It was right about Rhode Island being the second state and it was right that the requirement was not adopted by """"""""the elected representatives of the people."""""""" It was wrong when it said the vaccination requirement was imposed """"""""by fiat"""""""" and """"""""without public debate."""""""" In 2014, the ACLU sharply criticized the vaccine requirement at the public hearing and debated the proposal in social media and on its website. As for acting by fiat, the regulation was put in place through a process established by law. And comments at a public hearing influenced that process, leading to a decision by the director of health to delay execution of the policy for one year. More recently, the new health director told the public that philosophical objections were enough to qualify for the religious exemption. In other words, parents can pretty much say whatever they want to get exemptions for their children. (If you have a claim you’d like PolitiFact Rhode Island to check, email us at [email protected] And follow us on Twitter: @politifactri.)""""""","http://www.providencejournal.com/article/20150802/NEWS/150809816, http://sos.ri.gov/documents/archives/regdocs/holding/DOH/Immunzation_HearingNotice_16January%202014.pdf, http://www.nvic.org/Vaccine-Laws/state-vaccine-requirements/virginia.aspx, http://www.providencejournal.com/article/20150804/NEWS/150809725, http://www.health.ri.gov/forms/exemption/ReligiousImmunizationExemptionCertificateForSchools.pdf?utm_source=HPV+Vaccine+statement&utm_campaign=HPV+Vaccine+Statement&utm_medium=email, http://webserver.rilin.state.ri.us/Statutes/TITLE23/23-1/23-1-1.HTM, http://www.vdh.state.va.us/epidemiology/Immunization/requirements.htm, https://www.washingtontimes.com/news/2014/jan/29/ri-aclu-opposing-flu-requirement-for-preschoolers/, http://rifreedom.org/2015/07/media-relase-center-calls-on-governor-raimondo-to-halt-controversial-hpv-vaccine-mandate/, http://www.ncsl.org/research/health/hpv-vaccine-state-legislation-and-statutes.aspx, http://sos.ri.gov/dar_filing/getpdf.php/ERLID7602, http://ripr.org/post/should-unvaccinated-kids-stay-home",mixture,"Rhode Island, Health Care, Government Regulation, Rhode Island Center for Freedom and Prosperity, "
9605,"I’ll never go through shoulder surgery again, so here’s what I did","This story tells the tale of the writer’s experience using a new therapy for a rotator cuff injury, a procedure called platelet-rich plasma, or PRP. The writer previously had undergone traditional rotator cuff injury surgery and cited a long and difficult recovery, making the allegedly easier procedure and recovery from PRP more appealing. The story is problematic on several fronts, and was concerning enough that we used it to examine the hazards of first-person reporting on health interventions in a separate blog post, “Washington Post’s story on platelet-rich plasma injections highlights drawbacks of first-person health reporting.” In sum, it is a first-person account of one individual’s experience, not an actual report on the efficacy of a new approach to such injuries. Research-wise, it only cites, anecdotally, one tiny pilot study of the procedure and fails to provide any real data on those and other results, including a Cochrane systematic review, which is one of the most authoritative sources of evidence on hand today. It also leans heavily on quotes from the physician treating the writer, and provides no information that would convince readers that his statements are free from conflict. It’s also important to point out a factual error in the story: Injecting lidocaine into the shoulder or another area known as the subacromia bursa numbs up more than just the rotator cuff. The rotator cuff, itself, is not injected. Imagine sitting down over coffee with friends listening to one of them explain their latest medical experience. That’s what this story essentially is — one anecdote. It offers no data on success or failure of the procedure in question. A larger problem lies with the fact that the story ran in the Washington Post, one of the country’s leading newspapers and information source for hundreds of thousands of people, who might understandably assume the information in the story is more valuable than it is. Stories that report on advances in medicine, which interest us all, must have actual facts and data so that readers may evaluate their worth. This story lacks all that.","https://www.healthnewsreview.org/wp-content/uploads/2016/07/shoulder-pain.jpg,https://www.healthnewsreview.org/2016/07/washington-posts-story-platelet-rich-plasma-injections-highlights-drawbacks-first-person-health-reporting/,http://www.cochrane.org/CD010071/MUSKINJ_platelet-rich-therapies-for-musculoskeletal-soft-tissue-injuries",mixture,platelet-rich plasma
10931,Laser Used to Blast Away Cells Causing Irregular Heartbeat,"Another HealthDay, another story straight from a news release. Which might not be so bad if it only put things in a balanced perspective. Which this one doesn’t, as they often don’t. We also didn’t hear anything about why we don’t jump to conclusions after studies in just 27 people. And why was the pig research thrown in? To make the human findings seem more robust?! ?", ,false, 
26723,The coronavirus is “simply the common cold.”,"The 2019 coronavirus is part of a family of viruses that produce illnesses ranging from the common cold to more critical diseases such as SARS or MERS. The 2019 coronavirus is a new virus that had not been previously identified. Most cases of the 2019 coronavirus disease have been mild, but it’s been lethal for some people.","https://www.cdc.gov/coronavirus/2019-ncov/about/symptoms.html, https://www.politifact.com/factchecks/2020/feb/27/rush-limbaugh/fact-checking-rush-limbaughs-misleading-claim-new-/, https://www.mayoclinic.org/diseases-conditions/common-cold/symptoms-causes/syc-20351605, https://www.cdc.gov/coronavirus/general-information.html, https://www.health.com/condition/infectious-diseases/coronavirus/coronavirus-symptoms-vs-cold, https://www.cdc.gov/antibiotic-use/community/for-patients/common-illnesses/colds.html, https://www.facebook.com/photo.php?fbid=3244297452251299&set=a.202549046426170&type=3&theater, https://www.facebook.com/photo.php?fbid=1096836320677538&set=a.108023666225480&type=3, https://www.politifact.com/article/2020/mar/05/stop-sharing-myths-about-preventing-coronavirus-he/, https://www.cdc.gov/coronavirus/types.html, https://www.who.int/docs/default-source/coronaviruse/situation-reports/20200308-sitrep-48-covid-19.pdf?sfvrsn=16f7ccef_4",false,"Public Health, Facebook Fact-checks, Coronavirus, Facebook posts, "
10307,Encouraging news about reversing heart disease,"This is an enthusiastic story about the results of the ASTEROID Trial, which showed that very high doses of Crestor (a statin) caused regression of atherosclerosis as shown on intravascular ultrasound (IVUS) in high risk patients. The story did not make clear that, while these results are intriguing, it is not clear that they will have any clinically meaningful impact on real cardiovascular outcomes, such as heart attack or death, compared to current practice. In fact, the story almost seems to makes leaps beyond what the evidence showed when it said, The study was not big enough to detect changes in the numbers of heart attacks or strokes but evidence suggests that eliminating plaque should lower the risk. There is no explanation of the availability of Crestor. Is it FDA approved? Is it on the market? The story can’t assume that everyone knows. The story also does not place the treatment within the context of other existing therapies. This is important given that the study did not compare the treatment to current practice – regular doses of statins. Although the story is based on trial results, so little information about the design of the trial is presented that the viewer has no basis on which to interpret the strength of the evidence. No harms or side effects are mentioned, which are likely to be significant given the high dose of the drug. No costs are mentioned and only a single source, the study’s lead author, is quoted. The lack of balanced information in this short story makes it very difficult for the viewer to be able to interpret the study results.", ,false, 
31799,Microwave ovens were banned in the USSR in 1976 to protect its citizens from harmful health effects.,"The text from his website (which has a significant readership) has been repeated all over the web as fact, despite the truth that no such ban ever took place, and despite the fact that the claim stems from a possibly non-existent man with no apparent scientific credentials who may or may not have worked at the Atlantis Rising Educational Center in the late 1970s.", ,false,"History, food, food science, Microwaves"
12123,Schools in Austin Independent School District are teaching children as young as 4 years old that their gender is fluid – that they’re not a boy or a girl and they can choose whichever gender they want.,"""""""Hodge said: """"""""Schools in Austin Independent School District are teaching children as young as 4 years old that their gender is fluid – that they’re not a boy or a girl and they can choose whichever gender they want."""""""" Hodge didn’t deliver proof of Austin students including toddlers getting told that gender is fluid nor did we confirm such instruction. It’s clear otherwise that the district has put energy into teachers understanding that each child comes to terms with gender identity among developmental issues. Teacher training materials include a lesson plan describing gender identity varying along a spectrum.""""""","https://docs.google.com/document/d/132IfkXjMp5Z6LzIYk7VnXuxWx-jVtsIcPUm5pLPg8BQ/edit?usp=sharing, https://docs.google.com/document/d/e/2PACX-1vTmxvWfAkLcjJOnswboE4VvtQYukE-sCuckEYtMn9LnWH_Gp6EVcbr2SUlFaK2S-btkMgaqXNd-LvrK/pub, https://docs.google.com/document/d/e/2PACX-1vSoiyslR70ESI5VnkE7mvgH0-0c547rNNvUGjdDkw_r7sh7kO5ZF9zxYCnlShZGXnLy8GPoXPoFm6TS/pub, http://www.concernedparentsofaustin.com/involvement-in-austin-isd.html, https://www.scribd.com/document/349592456/05162017130509-0001, https://docs.google.com/document/d/e/2PACX-1vRxl2y7RyYo7VEqPY2yp17NKSwIaudKFXZ7MC95LpACGnOCAfw6K5XPsHe2jXEWzpHZ1KfZybEviAav/pub, http://www.welcomingschools.org/resources/lesson-plans/transgender-youth/transgender-with-books/, http://tlcsenate.granicus.com/MediaPlayer.php?view_id=42&clip_id=12789, https://docs.google.com/document/d/1jcg2mWkLxZXpBk5PYqQZABRSeFQ3_5ID_Gm9k0d1kTw/edit?usp=sharing, https://docs.google.com/document/d/e/2PACX-1vQDTYlIN1VS7DbOp_bdY2b24ZbytUVPoNcm9AP37L7mlKqdIHJ8xP1vMHM6RVzXQcX2NdtwzntgD9Oo/pub, https://drive.google.com/file/d/0B0kkOiAWUCUGem1OSUwxS0tLNjA/view?usp=sharing, http://texanonline.net/archives/5534/, https://docs.google.com/document/d/e/2PACX-1vTkTNr7u_bqwTgVQpXMN950kTrYLC7L88mYBgqQAuPL5Zh0KEvUMrP6jfBq5d0rIGKdRTMgLut4pFcZ/pub",false,"Education, Texas, Glenna Hodge, "
10018,Menopause: A flash of concern,"For decades women have been encouraged to use hormone replacement therapy to stave off a variety of ills—from menopausal symptoms such as hot flashes and night sweats to heart disease and osteoporosis. But as the result of new research over the past few years, more experts are urging caution. Recent findings suggest that women taking hormone therapy have slightly more heart attacks, strokes, blood clots, and breast cancer than those who do not. Now researchers are trying to understand how a woman’s individual characteristics might increase or lower her risks for these problems. This Newsweek story focuses on a minor component of a larger analysis about the potential influence of age and years since menopause on the risk of cardiovascular disease. The story says that certain older women are at increased risk of heart disease and heart attacks if they had lots of hot flashes and take hormone therapy. It quotes the study’s author saying this means that older women with these symptoms “should try to get off hormone therapy” and receive treatment for heart disease risks. Alerting readers to the potential significance of hot flashes and night sweats is alright—but only if it is accompanied by the clear message that the line connecting hot flashes and hormone therapy to heart attacks and death is convoluted and unclear. The “danger” is not statistically significant, remains hypothetical, and requires further research. The phrases “possibly” and “could be” don’t capture the provisional quality of the new findings. Readers will also appreciate hormone therapy’s risks better if they know their frequency. Exactly how many more women taking hormone therapy have problems than women taking no therapy? (Or, in researchers’ terms, what’s the absolute excess risk?) The published study included data on the risk of nonfatal heart attacks and death as well as stroke for women who took hormone therapy closer to menopause and others who took it more distant from menopause. For example, in a group of 10,000 women within 10 years of menopause, 6 fewer women had a heart attack or died while taking hormone therapy than while taking placebo, but 8 more had strokes. In a group of 10,000 who passed through menopause 20 years ago or more, 17 more women had a heart attack or died while taking hormone therapy than while taking placebo and 13 more had strokes. Some readers with bad hot flashes and night sweats might think these numbers are worth worrying about, and some might not. If readers had heard from an expert who was not a member of the research team, they might have been alerted to the shaky foundation of the “hot flash” findings and heard a less worrisome message. Accurately conveying the nuances of risks, benefits, and cost is the key to helping individual women make informed decisions. It should be noted that this story is accompanied by an extensive web-only feature with much more discussion. But readers of the print magazine version would not necessarily see this.", ,false, 
29931,"""""""Sen. Elizabeth Warren once said: """"""""Having an abortion is no different than someone having their tonsils removed.""""""","Contrary to the impression created by the LifeNews and NewsTarget articles, Warren was not likening a human fetus to a set of tonsils. Furthermore, the quotation included in the meme that re-emerged in January 2019 was a fabrication: Warren simply did not say, “Having an abortion is no different than someone having their tonsils removed.”", ,false,"Politics, elizabeth warren, lifenews, newstarget"
14336,"""""""Rick Scott's Starbucks heckler Says Rick Scott """"""""cut Medicaid"""""""" so people can't """"""""get Obamacare.""""""","""""""The activist at Starbucks said Rick Scott """"""""cut Medicaid"""""""" so people can't """"""""get Obamacare."""""""" Her point-blank accusation that Scott cut the program doesn’t fit. But through Scott’s inaction and the Florida House's resistance to expansion, many Floridians are not benefitting from either subsidies to buy private insurance or an expanded Medicaid. The statement is partially accurate but leaves out important details.""""""","http://www.gainesville.com/article/20160405/ARTICLES/160409848?tc=cr&tc=ar, https://www.politifact.com/florida/statements/2015/apr/30/steve-crisafulli/crisafulli-says-257000-would-be-forced-medicaid-un/, https://www.politifact.com/florida/statements/2015/apr/14/rick-scott/rick-scott-says-feds-walked-away-state-health-prog/, http://www.floridafirstbudget.com/web%20forms/OtherInfo/Reports/BudgetHighlights.pdf, http://www.miamiherald.com/news/politics-government/state-politics/article46024695.html, https://www.federalregister.gov/articles/2016/01/25/2016-01450/annual-update-of-the-hhs-poverty-guidelines#t-1, http://www.npr.org/sections/health-shots/2015/04/29/402875028/floridas-legislature-quits-early-at-impasse-over-medicaid-expansion, https://www.flsenate.gov/PublishedContent/Session/2016/Appropriations/Documents/2016_Medcaid_Hospital_Funding_Conference_Report.pdf, http://www.palmbeachpost.com/news/news/local/cara-jennings-lake-worth-activist-confronts-gov-sc/nqzWj/, http://articles.orlandosentinel.com/2013-09-13/health/os-medicaid-expansion-obamacare-20130913_1_medicaid-expansion-medicaid-coverage-health-insurance-exchange, https://www.politifact.com/florida/article/2015/may/28/revisiting-legislatures-budget-showdown/, http://www.abcactionnews.com/news/state/video-woman-confronts-rick-scott-in-starbucks, http://kff.org/health-reform/issue-brief/the-coverage-gap-uninsured-poor-adults-in-states-that-do-not-expand-medicaid-an-update/, http://www.miamiherald.com/news/health-care/article27532903.html, http://www.miamiherald.com/news/politics-government/state-politics/article68337507.html, https://www.politifact.com/florida/statements/2015/apr/07/rick-scott/scott-shifts-again-medicaid-expansion/, https://youtu.be/mXYzgTLoQjY, https://www.politifact.com/florida/statements/2014/mar/03/florida-democratic-party/rick-scott-rick-scott-oversaw-largest-medicare-fra/, http://www.tampabay.com/news/politics/stateroundup/despite-600-million-offer-florida-senate-refuses-to-back-off-medicaid/2226970, http://m.jacksonville.com/news/health-and-fitness/2015-08-26/story/state-give-insurers-rate-increase-medicaid-managed-care#article=6835C305D3BF88C87E9C420D6B5BA1F2F8C9",mixture,"Health Care, Medicaid, Florida, Rick Scott's Starbucks heckler, "
12494,Some of the safest communities in the United States are along the border.,"""""""Ramos said, """"""""Some of the safest communities in the United States are along the border."""""""" Violent crime rates in some border communities are lower than in other parts of the United States, according to FBI data. The FBI has warned against using its crime rates to rank communities’ safety because doing so overlooks other factors. Yet, local law enforcement officials have said crime is low in their border communities, and heavy federal and local law enforcement presence may be deterring crime in border communities. """"""","http://insider.foxnews.com/2017/05/12/tucker-carlson-jorge-ramos-debate-mexican-border-wall-illegal-immigration-locked-doors, http://www.tucsonsentinel.com/local/report/042915_border_expo/border-security-still-big-biz-despite-financial-problems-legislative-flameouts/, https://www.epa.gov/sites/production/files/2017-01/documents/state_of_the_border_region_2016_122216.pdf, http://www.huffingtonpost.com/2015/04/22/border-safety_n_7117134.html, https://www.texastribune.org/2016/02/23/border-communities-have-lower-crime-rates/, https://www.politifact.com/truth-o-meter/promises/trumpometer/promise/1397/build-wall-and-make-mexico-pay-it/, http://os.cqpress.com/citycrime/2012/CityCrime2013_CityCrimeRankingsFactSheet.pdf, https://ucr.fbi.gov/ucr-statistics-their-proper-use",true,"Immigration, Homeland Security, Crime, PunditFact, Jorge Ramos, "
26595,An audio message lists five ways people can prevent the novel coronavirus.,"An audio message lists 10 ways people can avoid contracting COVID-19. We fact-checked five of the most questionable claims. There is no evidence that sipping water every 20 minutes or exposing your clothing to the sun can help prevent the coronavirus. Officials advise people to wash their hands, but not every 20 minutes, as the message claims. There’s also no evidence that consuming cold things makes you more susceptible to the virus. There’s no proof that the coronavirus can live for up to nine days on metallic surfaces. A preliminary study suggests it can remain viable on stainless steel for up to three days.","https://www.unicef.org/press-releases/statement-charlotte-petri-gornitzka-unicef-deputy-executive-director-partnerships, https://www.politifact.com/factchecks/2020/mar/11/facebook-posts/drinking-water-does-not-prevent-coronavirus-infect/, https://www.technologyreview.com/s/615402/coronavirus-might-last-on-surfaces-for-a-lot-longer-than-we-thought/, https://twitter.com/WHOPhilippines/status/1225961563594510337, https://www.cdc.gov/coronavirus/2019-ncov/prepare/transmission.html?CDC_AA_refVal=https%3A%2F%2Fwww.cdc.gov%2Fcoronavirus%2F2019-ncov%2Fabout%2Ftransmission.html, https://onlinelibrary.wiley.com/doi/abs/10.1002/jmv.1890230313, https://www.journalofhospitalinfection.com/article/S0195-6701(20)30046-3/fulltext, https://www.cdc.gov/coronavirus/2019-ncov/prepare/prevention.html, https://www.cdc.gov/nutrition/data-statistics/plain-water-the-healthier-choice.html, http://sitn.hms.harvard.edu/flash/2014/the-reason-for-the-season-why-flu-strikes-in-winter/, https://www.politifact.com/factchecks/2020/mar/11/facebook-posts/sun-exposure-does-not-kill-coronavirus/, https://www.politifact.com/factchecks/2020/mar/20/greg-murphy/no-sunlight-has-not-been-proven-kill-coronavirus/, https://www.ncbi.nlm.nih.gov/pmc/articles/PMC2870397/, https://twitter.com/aetiology/status/1242254105155973122, https://www.who.int/southeastasia/outbreaks-and-emergencies/novel-coronavirus-2019/fact-or-fiction, https://www.politifact.com/article/2020/mar/05/stop-sharing-myths-about-preventing-coronavirus-he/, https://www.cdc.gov/coronavirus/types.html, https://www.unicef.org/coronavirus/everything-you-need-know-about-washing-your-hands-protect-against-coronavirus-covid-19, https://www.who.int/emergencies/diseases/novel-coronavirus-2019/advice-for-public/myth-busters, https://www.who.int/emergencies/diseases/novel-coronavirus-2019/advice-for-public, https://www.nejm.org/doi/10.1056/NEJMc2004973, https://www.cuimc.columbia.edu/news/can-uv-light-fight-spread-influenza, https://www.reuters.com/article/us-health-coronavirus-spain-tourism/coronavirus-impact-is-overwhelming-spains-hotels-association-says-idUSKBN20T2J1",false,"Public Health, Facebook Fact-checks, Coronavirus, Chain message, "
10101,Experiments test if implant can block sleep apnea,"The story presents one glowing personal anecdote about the new devices but no sense of how much research has been done to date. It doesn’t discuss costs or spend enough time with independent experts. Because it selectively chooses the scariest facts about sleep apnea, it veers into disease-mongering, helping to hype these new devices without giving enough data about benefits from current approaches. Sleep apnea is a real problem for a minority of people. Usually it is a warning sign of another, even more serious problem: obesity. One of the unseen adverse effects of obesity is the development of sleep apnea. At the moment, about 12 million Americans have diagnosed sleep apnea. That number is expected to increase along with the increasing problem of obesity. At the moment, the symptoms of sleep apnea can be successfully managed with the use of specialized breathing masks used at night. Unfortunately many people cannot tolerate the masks, since they are uncomfortable and are very confining. Other somewhat more drastic approaches including surgery have not been widely adopted. That’s why another approach to sleep apnea is of interest. The technology described has been under development since the early 1990s and described in previous studies. Treating sleep apnea with a medical device might be effective for some, but people who are obese need to address the root causes of their weight. That approach might, indeed, include a medical device, such as a lap band, but targeting each “side effect” of obesity with a different device would lead to a mind boggling escalation of costs, not to mention the potential risks involved in each surgery.",http://www.mdconsult.com/das/article/body/230661448-2/jorg=journal&source=&sp=23646773&sid=0/N/765181/1.html?issn=10870792&_returnURL=http://linkinghub.elsevier.com/retrieve/pii/S1087079209001221?showall=true#r09001221004,false,Associated Press
15032,"""""""The gun industry is """"""""the only business in America that is wholly protected from any kind of liability.""""""","""""""Clinton said the gun industry is """"""""the only business in America that is wholly protected from any kind of liability."""""""" Clinton is talking about a law that says the gun industry is protected from liability in certain instances, but the law also specifies several situations in which the gun industry is susceptible to lawsuits. Further, Congress has passed a number of laws that protect a variety of business sectors from lawsuits in certain situations, so the situation is not unique to the gun industry.""""""","https://www.nytimes.com/2005/10/21/politics/congress-passes-new-legal-shield-for-gun-industry.html?_r=0, https://www.ncbi.nlm.nih.gov/pmc/articles/PMC2040374/, https://www.theatlantic.com/politics/archive/2012/12/one-quick-answer-to-sandy-hook-repeal-the-2005-arms-act/266371/, https://www.fas.org/sgp/crs/misc/R42871.pdf, https://www.govtrack.us/congress/bills/109/s397, http://www.npr.org/sections/itsallpolitics/2015/10/06/446348616/fact-check-are-gun-makers-totally-free-of-liability-for-their-behavior, https://www.press.umich.edu/pdf/9780472032112-after.pdf, http://www.cato.org/blog/bernie-was-right-hillary-wrong-gun-lawsuit-bill, https://www.youtube.com/watch?v=HOc50YcRZmM",false,"National, Legal Issues, Guns, Hillary Clinton, "
12479,"""""""Dan Patrick Says Texas tax legislation would """"""""save the average homeowner in Texas $20,000 a year over the next 20 years or so.""""""","Patrick said legislation targeting local tax rate growth will result in the average Texas homeowner saving $20,000 a year over 20 years. That’s an absurd amount. Even if we look at what Patrick purportedly meant to say — $20,000 over 20 years — we find major flaws in the assumptions underlying that calculation. To reach that amount, one must assume that every city, county and special taxing district will raise tax rates by 8 percent every year without this legislation in place and by 5 percent a year with it. Neither assumption is in line with recent history, making the total savings figure highly suspect, at best a wild guess. The statement is not accurate and makes a ridiculous claim. CORRECTION, 9:55 a.m., May 24, 2017: Thanks to a reader's nudge, we amended this story to correct our description of the second tax-rollback savings chart provided  by Bettencourt. This revision did not affect our rating of the claim. ","http://www.legis.state.tx.us/BillLookup/Text.aspx?LegSess=85R&Bill=SB2, https://docs.google.com/spreadsheets/d/17dIK_6WXnClSorAHJ0vFHGWsbjo1M3pY4UpEt1FDgtM/edit?usp=sharing, https://drive.google.com/file/d/0B0kkOiAWUCUGd1pqQ3E4Y2VKTUk/view?usp=sharing, https://docs.google.com/document/d/1l8balb7ujPh3YXRakj7brPo5o2KGoxQRC0e0C1Q0rOY/pub, https://www.texastribune.org/2017/05/19/house-delays-vote-bill-patrick-said-crucial-preventing-special-session/, http://tlcsenate.granicus.com/MediaPlayer.php?view_id=42&clip_id=12544, https://www.texastribune.org/about/staff/brandon-formby/, https://docs.google.com/spreadsheets/d/19Le05kJBDPkfRLSIiY-rxOdRaq3fgZoU9ig_XH86I5Q/edit?usp=sharing, http://www.legis.state.tx.us/tlodocs/85R/fiscalnotes/html/SB00002S.htm, https://docs.google.com/spreadsheets/d/1Wg8iF7kTBNcysIrGv49GwZhRlcwZ2PAz72h3ksTMJE8/edit?usp=sharing, https://drive.google.com/file/d/0B0kkOiAWUCUGQ25BOS04UE5lTlE/view?usp=sharing, https://docs.google.com/spreadsheets/d/1r_BImjbhnDwNO_8lIJzt4PcXcQfT2chp7ceOREgQcrg/edit, https://docs.google.com/spreadsheets/d/1G5XcQzP62r0E872A1BOGAeTQ-JZlP60VHGO6_yiMGA0/edit?usp=sharing, https://docs.google.com/spreadsheets/d/1z8oiFTfTFgBXPGH8zRceBcZU4et68VO5XMbVGEAkCUo/edit?usp=sharing, https://docs.google.com/document/d/1pi5eXJv9lfltFJhwtpUmgCi8_a-kJaGg6CuJ-g5s_6Y/pub",false,"Corrections and Updates, Taxes, Texas, Dan Patrick, "
3775,"No more menthol cigarettes: New ban on tobacco, vape flavors.","Massachusetts became the first state to ban flavored tobacco and nicotine vaping products, including menthol cigarettes, after Republican Gov. Charlie Baker signed into law on Wednesday a bill that’s meant to reduce the appeal of the products to young people amid a rash of illnesses and deaths linked to vaping.","/8f8f14011ec24c3288bcfef07b3695ff,/4e13a836510d4bcfb70ef0b5d1eb7afd,https://www.mass.gov/guides/vaping-public-health-emergency,https://www.nytimes.com/aponline/2019/11/26/us/ap-us-vaping-new-york-city.html,https://www.bostonherald.com/2019/11/25/boston-bans-mint-menthol-tobacco-products-from-corner-stores/",true,"Health, Boston, General News, Charlie Baker, Business, AP Top News, Massachusetts, Smoking, Vaping, U.S. News, Tobacco industry regulation, Laws"
7171,"As wildfires grow deadlier, officials search for solutions.","Creating fire buffers between housing and dry brush, burying spark-prone power lines and lighting more controlled burns to keep vegetation in check could give people a better chance of surviving wildfires, according to experts searching for ways to reduce growing death tolls from increasingly severe blazes in California and across the U.S. West.","https://twitter.com/MatthewBrownAP,/2144d7d18c2144d09ce31eec69515441",true,"Wildfires, AP Top News, Controlled burns, Fires, Montana, California, Science, Billings, North America, U.S. News"
14848,The number of people in Atlanta dying from HIV and AIDS declined 59 percent between 2004 and 2012.,"At a time when new HIV infections and AIDS-related deaths are down globally, Fulton County touted a report that showed its mortality rate dropped 59 percent from a peak in 2004. The report, and state data, back up the dramatic decline. While Atlanta remains in the top five cities in the nation for such deaths and still struggles with executing prevention programs, it also has seen the mortality rate drop since the report.","https://bchi.bigcitieshealth.org/place/Atlanta%20%28Fulton%20County%29,%20GA, https://oasis.state.ga.us/oasis/oasis/qryMorbMort.aspx, https://www.myajc.com/news/news/local-govt-politics/audit-mismanagement-led-to-loss-of-millions-in-ful/nnwhT/?icmp=AJC_internallink_100715_AJCtoMyAJC_FultonGrant, http://www.bigcitieshealth.org, http://news.wabe.org/post/fulton-county-doesnt-spend-loses-hiv-prevention-money, https://bchi.bigcitieshealth.org/, http://www.who.int/mediacentre/factsheets/fs360/en/, http://www.unaids.org/en/resources/campaigns/HowAIDSchangedeverything/factsheet, http://www.naccho.org/",true,"Georgia, Public Health, Fulton County Health and Wellness, "
28785,"Stem cells can be harvested from baby teeth, so it's a good idea to preserve them in private stem cell banks for future use in medical treatments.","What's true: Research shows that stem cells can be harvested from baby teeth and have potential dental and medical uses in repairing and regenerating tissues, and commercial facilities exist for the preservation and storage of dental stem cells for future use, at a price. What's undetermined: Whether, to what degree, or when such potential uses for dental stem cells will actually come to pass.", ,mixture,"Medical, stem cells, teeth"
16316,"""""""If Florida expanded Medicaid, """"""""some studies indicate it would create about 120,000 jobs.""""""","""""""Crist said """"""""some studies indicate"""""""" expanding Medicaid would """"""""create about 120,000 jobs."""""""" Crist was referring to one study done for the Florida Hospital Association, a supporter of Medicaid expansion. That study predicted about 120,000 new jobs. There have been several studies that predict job growth related to Medicaid expansion, with one study putting the figure as low as 10,000 jobs. Crist cherry-picked the study with the highest statistic and omitted that it was done for an association that supports the expansion. Most economists and Medicaid experts say that it’s likely that the infusion of federal cash would lead to some jobs, but it is difficult to pinpoint the number.""""""","http://www.myfloridahouse.gov/Sections/Documents/loaddoc.aspx?PublicationType=Committees&CommitteeId=2738&Session=2013&DocumentType=Meeting%20Packets&FileName=PPACA%202-18-13-ONLINE.pdf, http://www.kff.org/medicaid/upload/7075_02_ES.pdf, http://www.nejm.org/doi/full/10.1056/NEJMp1204891, https://www.politifact.com/florida/statements/2014/jul/09/charlie-crist/not-expanding-medicaid-florida-missing-out-63800-j/, http://hpi.georgetown.edu/floridamedicaid/, http://www.tampabay.com/news/health/can-florida-afford-to-say-no-to-medicaid-expansion/1241313, https://economix.blogs.nytimes.com/2012/07/03/will-states-expand-their-medicaid/, https://www.nber.org/papers/w19220, https://www.flsenate.gov/PublishedContent/Committees/2012-2014/SPPA/MeetingRecords/MeetingPacket_2026.pdf, https://www.politifact.com/florida/article/2013/feb/27/will-medicaid-expansion-create-jobs-review-evidenc/, http://www.fha.org/reports_resources/files/RPT-Economic-Impact-of-the-ACA-in-Florida-11302012.pdf, http://www.mhm.org/images/stories/advocacy_and_public_policy/Smart%20Affordable%20and%20Fair_FNL_FULL.pdf, http://www.fcfep.org/attachments/20110113--Unhealthy%20Medicaid%20Choices%282%29.pdf, http://www.fha.org/reports-and-resources/show-details/Economic-Impacts-of-Extending-Health-Care-Coverage-in-Florida/75, http://www.miamiherald.com/2013/02/21/3245537/fla-gov-scott-supports-medicaid.html, https://kaiserfamilyfoundation.files.wordpress.com/2013/11/8522-the-role-of-medicaid-in-state-economies-looking-forward-to-the-aca.pdf, http://health.wusf.usf.edu/post/medicaid-expansion-can-backfire-witnesses, http://www.flgov.com/wp-content/uploads/2013/02/2-20-13-REMARKSFORDELIVERY.pdf, https://www.politifact.com/florida/statements/2012/apr/02/rick-scott/rick-scott-calls-health-care-law-job-killer/, https://www.forbes.com/sites/chrisconover/2013/02/25/will-medicaid-expansion-create-jobs/, http://www.npr.org/blogs/health/2012/07/11/156568678/will-medicaid-bring-the-uninsured-out-of-the-woodwork, http://familiesusa2.org/assets/pdfs/medicaid-expansion/Florida.pdf, http://www.tampabay.com/blogs/the-buzz-florida-politics/white-house-to-rick-scott-medicaid-expansion-would-create-63k-jobs/2186824, http://miamiherald.typepad.com/nakedpolitics/2013/02/in-defense-of-rick-scott.html#more, https://www.whitehouse.gov/sites/default/files/docs/missed_opportunities_medicaid_0.pdf, https://twitter.com/CharlieCrist/status/484397092312711168",mixture,"Medicaid, Florida, Charlie Crist, "
41639,£1.8 billion of ‘new money’ has been announced for the NHS over the next five years.,"£850 million has been announced for 20 hospitals over the next five years and £1 billion for the NHS in capital funding this year. The £1 billion is money that NHS trusts previously earned through a cost-cutting incentive scheme, but were then told not to spend. It is ‘new’ in the sense that the Treasury had not previously budgeted for them spending it.","https://twitter.com/sallygainsbury/status/1158041562993086464, https://www.bbc.co.uk/programmes/m0007bj8, https://www.bbc.co.uk/programmes/m0007bj8, https://news.sky.com/video/pm-what-the-1-8bn-of-nhs-funding-is-for-11777993, https://www.gov.uk/government/news/pm-announces-extra-18-billion-for-nhs-frontline-services, https://www.health.org.uk/news-and-comment/blogs/the-excluded-middle-is-the-new-money-new-or-not, https://twitter.com/sallygainsbury/status/1158041562993086464, https://www.theguardian.com/commentisfree/2019/aug/05/boris-johnson-nhs-trusts, https://www.nuffieldtrust.org.uk/news-item/having-your-fudge-and-eating-it#control-totals-and-sustainability-funds, https://www.nao.org.uk/press-release/sustainability-and-transformation-in-the-nhs/, https://www.hsj.co.uk/news/18bn-funding-boost-just-a-down-payment/7025688.article, https://www.hsj.co.uk/finance-and-efficiency/trusts-told-to-cut-a-fifth-off-capital-spending-plans/7025462.article, https://www.hsj.co.uk/finance-and-efficiency/confirmed-nhs-cash-reserves-will-fund-pms-capital-spending-promise/7025774.article, https://www.health.org.uk/news-and-comment/blogs/the-excluded-middle-is-the-new-money-new-or-not, https://news.sky.com/video/pm-what-the-1-8bn-of-nhs-funding-is-for-11777993, https://www.bbc.co.uk/programmes/m0007bj8, https://www.bbc.co.uk/programmes/m0007btz, https://www.bbc.co.uk/programmes/m0007btz, https://twitter.com/MattHancock/status/1158387215208243210, https://twitter.com/MattHancock/status/1158385132966948864, https://www.youtube.com/watch?time_continue=460&v=n6d5r0ebE0A, https://twitter.com/MattHancock/status/1158382830730326016",mixture,health
11447,Tai Chi Reported to Ease Fibromyalgia,"This is a well considered look at a limited study of an unusual approach to a disorder that has stumped clinicians for decades. It is the only one of the five stories we reviewed that quoted a patient about her experience. This has pluses and minuses. The patient’s extraordinary improvement after tai chi could give reader’s the impression that it will work for everyone. At the same time, it shows that the reporter attempted to gather a fuller picture of the study than most of the other reporters covering it. It could have included more cost information and could have examined the evidence a little more closely. Still, it is the best of the five stories we reviewed. With a sensational topic like tai chi for a debilitating syndrome it is important to write even more clearly and dispassionately as possible. Whether clinicians really have a handle on what causes fibromyalgia remains to be seen, but the truth is that many patients feel shackled to the condition. If an alternative therapy can liberate them without surgery or dependency on long-term drug therapy, that would indeed be reason to celebrate.", ,true, 
10042,FDA approves AbioCor heart,"This is an extremely upbeat article for use of an artificial heart device in the treatment of a very select subset of individuals with end stage heart failure. While mentioning that this device is only for patients with advanced heart failure who have no other options and would otherwise die, the story just three sentences later quotes a surgeon stating that the device’s approval “gives tons of hope to people with end-stage heart failure”. This paints a somewhat unrealistic picture about the limited group of patients for whom the device is an option. In addition to only being intended for those who are not eligible for a heart transplant and who would likely live less than a month without the device, it is only for patients whose chest is large enough to hold the device. Only the results from the longest living recipient of the device were included in the article. For balance, it would have been useful to include the average amount of time that people survived with the device as well as some mention of consequences of the treatment that may affect quality of life. Further, it is hard to predict who will live “less than a month,” a theme not addressed in the story. It is possible that some recipients may have their life shortened (death in surgery or immediately thereafter). Costs are not fully explained. A price range of $200,000 to $250,000 for the device was included in the story. However, there was no mention of physician fees or hospital stay costs. The article contained quotes from physicians directly involved in the clinical trial leading to the humanitarian device exemption, family members of patients who had, on balance, positive experiences with the device and the director of the FDA division responsible for the decision. The article would have been improved had it contained the views of some individuals slightly more removed from the device itself to help provide a framework in which to consider the ramifications of this treatment.", ,mixture, 
9578,New treatment offers some hope for an unshakable tremor,"This story describes a recently FDA-approved device to treat essential tremor in patients who have not responded to medication. The ExAblate Neuro, made by Dallas-based InSightec, uses magnetic resonance images taken during the procedure to deliver focused ultrasound that destroys tissue in the thalamus, the part of the brain where tremors are believed to originate. Results of a randomized clinical trial on the device’s safety and efficacy were published this month in the New England Journal of Medicine. The story and accompanying video (seen at right) vividly illustrate rapid symptom improvements, highlighting a 72-year-old woman who says the procedure changed her life by allowing her to “eat like a normal person” and easily perform basic tasks such as signing her name and folding a scarf. This powerful patient anecdote throws the balance off: Imagine how different the story would seem if the video instead showed a patient who had improved, but also was affected by one of the serious adverse effects caused by the treatment. Also, the story needed specific numbers on the measured benefits and harms, along with a discussion of costs and alternative treatment options. Note: We also reviewed the news release that was issued to journalists about this study. While not life threatening, essential tremor can be debilitating, especially affecting people in their advanced years. The ExAblate Neuro, which the FDA calls the first focused ultrasound device to treat essential tremor in patients who have not responded to medication, offers a somewhat less invasive treatment option than traditional surgical approaches. It’s certainly newsworthy. But all of the facts, including long-term efficacy data, are not in. Stories that feature glowing patient anecdotes and positive physician commentary need to be balanced with plenty of data that can help patients and their families decide whether this treatment might be worth seeking out.","http://www.nejm.org/doi/full/10.1056/NEJMoa1600159?query=featured_home,https://www.healthnewsreview.org/news-release-review/hyperbole-minimization-of-harms-found-in-release-touting-essential-tremor-treatment/",true,STAT
10118,FDA approves first inhalable version of insulin,"This is a story about FDA approval for an inhaled form of insulin marketed as Exubera. The story discusses how this new form of insulin delivery may affect diabetics, possibly increasing adherence to blood sugar management by reducing the need for injected insulin. A cost comparison of the two forms of insulin is provided. There are appropriate caveats from medical professionals who specialize in diabetes care regarding the need for continued insulin injections for some diabetics. These warnings are contradictory to the story’s sub-headline which states that Exubera is an “alternative to daily injections”. (We realize that reporters don’t write headlines, but someone at AP is responsible for it.) Some diabetics, especially those with Type 1 diabetes, may need a longer-acting injected insulin and cannot rely solely on inhaled insulin. The story discusses some potentially serious side effects, such as a decrease in lung capacity in some people, however, there is no data on the incidence of this or other side effects. Overall, there is little quantitative information on the efficacy of the new form of insulin compared with the existing method of insulin delivery. While investors may be interested that this could be a “$1 billion a year seller for Pfizer”, diabetics who are considering inhaled insulin would appreciate quantitative information on the risks and benefits of Exubera.", ,true, 
12926,"""""""The Obama administration issued an """"""""11th-hour rule that entrenches federal family planning funding for Planned Parenthood.""""""","""""""Ernst said the Obama administration issued an """"""""11th-hour rule that entrenches federal family planning funding for Planned Parenthood."""""""" It may be a slight exaggeration to use the word """"""""entrench,"""""""" since there are ways to overturn the rule within a matter of months, and it should be noted that the rule would affect a variety of other health care providers, not just Planned Parenthood, Still, it’s hard to argue that this was not an 11th-hour rule, and in general we find that Ernst has characterized pretty accurately what the Obama administration did.""""""","http://www.radioiowa.com/2017/01/27/senator-ernst-speaks-at-march-for-life-in-washington-d-c/, http://www.npr.org/sections/health-shots/2016/12/14/505595090/obama-administration-moves-to-protect-planned-parenthoods-federal-funding, https://www.plannedparenthood.org/about-us/newsroom/press-releases/obama-administration-protects-access-to-health-care-for-millions-of-people1, http://www.ernst.senate.gov/public/index.cfm/2017/1/senator-ernst-speaks-at-march-for-life, https://www.federalregister.gov/documents/2016/12/19/2016-30276/compliance-with-title-x-requirements-by-project-recipients-in-selecting-subrecipients, http://www.ernst.senate.gov/public/index.cfm/press-releases?ID=3CB5CFBF-39F6-4BE5-91EE-1D290FE54901",true,"Abortion, National, Federal Budget, Public Health, Joni Ernst, "
28379,"At least 100,000 churches called for the withdrawal of Brett Kavanaugh's Supreme Court nomination.","What's true: The National Council of Churches, an umbrella organization representing over 100,000 Christian congregations, called for the Supreme Court nomination of Brett Kavanaugh to be withdrawn. What's false: All of those congregations did not individually call for Kavanaugh's nomination to be withdrawn.", ,mixture,"Politics, brett kavanaugh, christine blasey ford"
34447,"""""""Massaging olive oil into breast skin and tissue can prevent and reverse """"""""sagging.""""""","There is research [PDF] (conducted by individuals who contracted with cosmetic medical firms) that indicates some success in the ongoing development of a topical version of botulinum toxin type A (popularly known by the brand name Botox) and intended solely for the face. However, that research only concerns a clinically prescribed substance (botulinum toxin, not a pantry product) and included no indications that it could be used on breast tissue.", ,unproven,Medical
10982,Vitamin B and its role in improving memory,"This story provided insightful information about whether there exists an associations between the intake of specific  B vitamins, including B6, folic acid (B9), and B12 (cobalamin), and chance of developing dementia or Alzheimer’s disease, this story is a very well organized discussion about what is and is not known about these vitamins, the levels of the amino acid homocysteine, and age-related or disease related cognitive impairment. The story never explained why this information was being reported at the current time, but it did provide a well considered look at the research on a complicated topic. As the population ages, we are feeling the effects of cognitive decline in large numbers of people. Most families have been affected in some way by Alzheimer’s or a similar condition. A simple solution like B vitamins would provide hope for many, and stories like this provide readers a welcome analysis of the true basis for that hope.", ,true,"Los Angeles Times,Supplements"
11214,Blood drug trades benefit for risk,"This article, reporting on findings of a published paper on the experimental blood-thinning drug prasugrel, is an excellent example of a thorough, intelligent and disinterested report on study findings. Specifically:  It makes clear that, while the findings can be interpreted favorably, FDA approval is not guaranteed It makes clear that the benefits and risks need to be carefully compared and are controversial. It does so using both study data and commentary from a number of knowledable experts. In each case the relationship of the source to the study, both professional and financial, is made clear. The article places the controverial findings in the context of market competition, which is the proper backdrop for a study of what is essentially a copycat drug. It’s worth noting that this excellent five-star story was reported in fewer than 1,000 words. It was done by a medium-market newspaper, with a reporter filing under deadline on the road. It’s also worth noting that this same newspaper announced 60 staff cuts this week. We hope it doesn’t affect future health care news coverage.", ,true, 
12046,"""""""Some states hit hardest by opioid deaths """"""""have more opioid prescriptions than residents.""""""","""""""Schneiderman said some states hit hardest by the opioid crisis """"""""have more opioid prescriptions than residents."""""""" West Virginia and Kentucky — two states with the highest rates of opioid deaths in the country — reported more opioid prescriptions than their respective population, according to CDC data. Six other states had more prescriptions than residents, too.""""""","https://www.health.ny.gov/statistics/opioid/data/p22.htm, https://www.cdc.gov/drugoverdose/maps/rxstate2015.html, https://www.cdc.gov/drugoverdose/maps/rxstate2016.html, https://www.health.ny.gov/statistics/opioid/data/pdf/nys_jul17.pdf, https://www.youtube.com/watch?v=nROBQ5A1_mA&t=240s, http://www.kff.org/other/state-indicator/opioid-overdose-death-rates/?currentTimeframe=0&sortModel=%7B%22colId%22:%22Opioid%20Overdose%20Death%20Rate%20(Age-Adjusted)%22,%22sort%22:%22asc%22%7D",true,"Drugs, New York, Eric Schneiderman, "
10514,Drug’s benefit to younger breast cancer patients in question,"This story never adequately characterized the results of a randomized controlled trial called AZURE on the use of zoledronic acid (Zometa) for early stage breast cancer. Other studies had indicated that zoledronic acid (a bone density-enhancing bisphosphonate) may also prevent bone tumors in various metastatic cancers, including metastatic breast cancer. Its role in early stage breast cancer, however, isn’t clear. The headline and lead muddled the main conclusion of the study: that zoledronic acid failed to provide any benefit in the study population as a whole, and the story gave too much weight to a subgroup analysis indicating that the drug does extend life among women with established menopause. Even when they are pre-planned, as in this study, subgroup analyses are difficult to interpret—since they involve only a portion of study subjects. The story also failed to tell readers about some serious adverse events, including bone disease in the jaws of some women in this trial. Zoledronic acid and other bisphosphonates have been employed as treatments for osteoporosis and to prevent skeletal complications among women with metastatic breast cancer. However, their role in the prevention of recurrence among women with early stage breast cancer isn’t clear. Animal studies suggest that bisphosphonates may have direct anti-tumor effects in bone. Proponents of zoledronic acid believe it may provide a significant advantage for women with early stage breast cancer—in terms of recurrence and survival. But the results of studies in humans have been contradictory. A large randomized controlled trial from Austria (the ABCSG-12 trial) published in 2009 suggested that the addition of three years of zoledronic acid to hormonal therapy following surgery for early stage breast cancer provided a 32% advantage in disease-free survival, compared to subjects who did not receive this drug. All the women in the ABCSG-12 trial had chemically induced menopause. The AZURE trial attempted to confirm the benefits of zoledronic acid in a different study population, one that included both premenopausal and postmenopausal women with early stage breast cancer. AZURE and other trials are important not only to assess any benefits of zoledronic acid but also to study its adverse effects—which include the potentially devastating side-effect of osteonecrosis of the jaw bone.", ,mixture,"Cancer,Los Angeles Times"
9747,Heart Drug Linked to Extra Years for Cancer Patients,"This Wall Street Journal article nicely summarizes the findings of a retrospective study of 1,400 cases of women with ovarian cancer; some of whom had been prescribed beta-blockers for high blood pressure and appeared to have better outcomes than those not taking beta-blockers. It hits on nearly all of our criteria, and was more thorough and balanced than an MD Anderson news release that initially announced the findings to the world. (More on that below.) A bit more detail on the cost of these drugs, and a bit more restraint in discussing the outcomes of a small group of women who were taking a particular class of beta-blocker and had much better survival statistics, would have rounded out this story. We often say that news releases can set the tone for subsequent media coverage of new research, and that a poor news release can lead to a great deal of misinformation reaching the public. We’ve compared this phenomenon to sheep following one another. However, it’s also true that good reporting can fill in the holes left by an incomplete news release and present a more balanced portrait of findings to readers. In this case, MD Anderson announced the results of this study with a news release that has been reviewed separately on HealthNewsReview.org and found wanting in several areas. Specifically, it used inappropriate language to describe the benefits and lacked a discussion of harms and limitations of the research. This story by and large addresses those issues and demonstrates how good health reporting can play an important and useful role in informing the public. There are plenty of reporters out there who can’t be led like sheep, and our project aims to shine a light on them and hopefully cultivate many more of them.","http://onlinelibrary.wiley.com/doi/10.1002/cncr.29392/abstract,https://www.healthnewsreview.org/2015/04/news-releases-can-lead-media-like-sheep/,https://www.healthnewsreview.org/news-release-review/beta-blockers-prolong-survival-ovarian-cancer-not-fast/",true,"beta-blockers,ovarian cancer"
11092,Partnership plans to build cancer treatment machine,"This story reads like a promotional vehicle for a new, potentially cost-prohibitive machine manufactured by TomoTherapy. Information in this story does not go beyont that found in a press release by TomoTherapy, Inc. (maker of the device) and there is little, if any, new enterprise reporting in the piece. The story cites Dr. DeVere White and Dr. Matthews of UC Davis Cancer. Researchers at the Center helped finance and develop the proton therapy machines with TomoTherapy, Inc., so they have an interest in positively promoting their work. The story also cites a senior project manager at TomoTherapy, Inc., who also cannot provide unbiased information about this new device. The story needs balance, possibly from  interviews with cancer researchers (radiologists) and clinicians who could provide perspective on this emerging technology as cancer treatment. The story presents proton therapy as a newer, alternative option for shrinking tumors; however, this technology as cancer therapy is still in early development, though it has received FDA approval. The story gives us no data to support this newer option as better than existing methods of X-ray radiation treatment for cancer. The story does not mention that current forms of X-ray radiation can be targetted to a tumor via computer imaging and the use of devices (i.e. balloon, seeds, etc.) This sometimes reduces harm to healthy tissue. Despite company reassurances, we do not know if this form of therapy is as efficacious as current radiation or if it is safe. We are also not told if this therapy is only for a particular type of cancer or if it could be used on tumors anywhere in the body. Lastly, the story lists the cost of the machine but does not mention how this would influence treatment costs for the patient. We are not told if this method of cancer treatment would be covered by health insurance, or how the cost would compare to current radiation treatments. In short, the story needed more on costs, context, and evidence in comparison with existing alternatives. Independent perspectives were sorely needed.", ,mixture, 
20418,Nearly 45 percent of the women who receive health screenings through (the Women’s Health Program) do so at a Planned Parenthood health center.,"The Democratic legislators wrote that nearly 45 percent of women who received health screenings through the targeted family-planning program in fiscal 2010 had them at Planned Parenthood clinics. That could be so, but we identified a couple of unsettled hitches. According to the state, 46 percent of the cited program’s clients went to a Planned Parenthood clinic, but the state has no breakdown of the number of women who were screened overall, which is what the Democrats focused on. Also, the Democrats’ statement implies that 46 percent of women rely on Planned Parenthood exclusively for screenings, but some women included in the 46 percent could have had screenings at a different kind of clinic, though (again) such details are not available.","https://www.texastribune.org/texas-state-agencies/health-and-human-services-commission/storify-primer-womens-health-program/, https://docs.google.com/document/d/1B4LsJyjq7vB6JZFSkMCuL9y2jwzKpPeJ8ZWPBQKuWGM/edit, https://docs.google.com/document/d/1BuGryKIQ9cSWjv69Sl_gC0LOlrWy6bIfHpAXywxaLkg/edit, http://www.statesman.com/news/texas-politics/feds-ask-state-to-start-winding-down-womens-2241075.html, http://www.statesman.com/opinion/move-that-hurts-women-is-political-not-economical-2218947.html?printArticle=y, http://www.hhsc.state.tx.us/reports/2011/Rider64-Womens-Health-0811.pdf, http://www.hhsc.state.tx.us/WomensHealth.htm",mixture,"Abortion, Health Care, Public Health, Women, Texas, Elliott Naishtat, "
10967,New Drug Shows Promise Against Huntington’s Disease,"The HealthDay story covers a phase III drug study that was recently published in The Lancet Neurology. The main problem with this story is its contradictory statements regarding the drug’s benefits. The article states that a higher dose of pridopidine showed a “significant benefit,” but how significant? Later in the story, an independent source comments that the “benefit is modest.” The story did not mention anything about the researchers’ inability to meet their primary endpoint. The apparent benefits of the drug were found in the tertiary endpoint – a sign that the magnitude of the drug’s effects may be smaller. The article did not detail any research methods from the study. For example, how did researchers measure improvements in motor function? The story highlights the difficulty in deciphering ambiguous medical evidence for the general public. On one hand, the researchers were not able to prove their main hypothesis. But they uncovered benefits in another endpoint that may prove to be promising. The article could have differentiated this evidence and provide a more cautious interpretation of the study’s findings, which could have made for a more thorough and more accurate story.", ,mixture,HealthDay
35225,"Dr. Vladimir Zelenko's 669 COVID-19 patients that were treated with a combination of hydroxychloroquine, azithromycin, and zinc have seen zero hospitalizations, complications, or deaths. ","Since last Thursday, my team has treated approximately 350 patients in Kiryas Joel and another 150 patients in other areas of New York with the above regimen. Of this group and the information provided to me by affiliated medical teams, we have had ZERO deaths, ZERO hospitalizations, and ZERO intubations. In addition, I have not heard of any negative side effects other than approximately 10% of patients with temporary nausea and diarrhea.", ,unproven,"Medical, COVID-19"
34341,Bay leaves contain a compound that decreases anxiety when burned.,"Teasing apart this kind of effect from from any more specific biochemical method is challenging, and none of the research on linalool or lavender oil is adequate to address the possibility that bay leaf smoke could have a marked effect on anxiety. As such, we rank the claim that bay leaf combustion serves to reduce anxiety as unproven.", ,unproven,"Medical, anxiety, bay leaf, laurels"
37737,Condom manufacturer Durex created a coronavirus advertisement comparing face masks to condoms.,"A COVID-19 themed, purported condom advertisement labeled “Durex have smashed it with this lockdown advert” featuring a comparison between a condom and a mask spread in June and July 2020, but it didn’t appear to be the work of Durex or any agency working on their behalf. Durex did create pandemic-specific advertisements, but the campaign did not feature masks, and it had a completely different hashtag and focus. The creator of the image remains unknown, but Durex never seemed to claim the image for itself despite its global popularity — making it unlikely that it was specifically commissioned or endorsed by the company.","https://t.co/nVCnBA834Y, https://www.facebook.com/durexUSA/photos/a.156756084340981/3704438042906083/?type=3&theater, https://www.truthorfiction.com/did-rep-john-lewis-cosplay-as-himself-at-san-diego-comic-con/, https://api.whatsapp.com/send?text=https%3A%2F%2Fwww.truthorfiction.com%2Fis-this-durex-coronavirus-ad-real%2F, https://www.instagram.com/p/CCqfSFsDI67/, https://www.reddit.com/submit?url=https%3A%2F%2Fwww.truthorfiction.com%2Fis-this-durex-coronavirus-ad-real%2F, https://www.instagram.com/p/CCWIlXgpIYh/?utm_source=ig_embed&utm_campaign=loading, https://t.co/5E3Uo00BaY, https://www.instagram.com/p/B_puY2KI27a/, https://www.instagram.com/p/B-e7dTBpLFb/?utm_source=ig_embed&utm_campaign=loading, https://www.instagram.com/prankersteinoficial/?utm_source=ig_embed&utm_campaign=loading, https://www.facebook.com/share.php?u=https%3A%2F%2Fwww.truthorfiction.com%2Fis-this-durex-coronavirus-ad-real%2F, https://www.instagram.com/herdmarketing/?utm_source=ig_embed&utm_campaign=loading, https://twitter.com/hashtag/LetsNotGoBackToNormal?src=hash&ref_src=twsrc%5Etfw, https://www.truthorfiction.com/roy-den-hollander-death-conspiracy-theories/, https://twitter.com/durex/status/1258462714390810628?ref_src=twsrc%5Etfw, https://www.instagram.com/p/B-e7dTBpLFb/, https://www.truthorfiction.com/did-a-brazilian-condom-ad-feature-donald-trump-vladimir-putin-and-kim-jong-il/, https://www.linkedin.com/cws/share?url=https%3A%2F%2Fwww.truthorfiction.com%2Fis-this-durex-coronavirus-ad-real%2F, https://www.thedrum.com/news/2020/05/28/selling-safe-sex-why-durex-doesn-t-want-go-back-normal-after-coronavirus, https://www.instagram.com/durex/?utm_source=ig_embed&utm_campaign=loading, https://www.truthorfiction.com/category/fact-checks/, https://www.instagram.com/p/B_puY2KI27a/?utm_source=ig_embed&utm_campaign=loading, https://www.facebook.com/BiMinistry/posts/3110780209014309, https://www.instagram.com/durex.india/?utm_source=ig_embed&utm_campaign=loading, https://twitter.com/FForEffort1/status/1282706014081634312?ref_src=twsrc%5Etfw, https://www.truthorfiction.com/author/kim/, https://www.campaignlive.co.uk/article/durex-lets-not-go-back-normal-havas-london/1688554, https://twitter.com/hashtag/Durex?src=hash&ref_src=twsrc%5Etfw, https://www.creativemoment.co/lets-not-go-back-to-normal-says-durex, https://www.facebook.com/DurexPH/photos/a.1455003991385907/2733366536882973/?type=3&theater, https://www.instagram.com/total.dirty.memer/?utm_source=ig_embed&utm_campaign=loading, https://www.instagram.com/p/CCqfSFsDI67/?utm_source=ig_embed&utm_campaign=loading, https://www.instagram.com/p/CBZnWoYHg4p/, https://twitter.com/intent/tweet?text=Is+this+Durex+Coronavirus+Ad+Real%3F&url=https%3A%2F%2Fwww.truthorfiction.com%2Fis-this-durex-coronavirus-ad-real%2F&via=KimLaCapria, https://www.instagram.com/p/CBfcLtoK-lm/?utm_source=ig_embed&utm_campaign=loading, https://www.truthorfiction.com/category/fact-checks/viral-content/, https://twitter.com/FForEffort1/status/1282706014081634312",unproven,"Fact Checks, Viral Content"
34555,JFK smoked cannabis in the White House during his presidency to treat various medical ailments.,"I’m not seeing anything that confirms this assertion. I’ve never actually seen the medical records from his Personal Papers, but am relying on accounts of biographers, Dallek and O’Brien, who have both viewed the papers with physicians and wrote about their findings. While they list a number of drugs and various treatments used, the use of cannabis is not among them. As you know there is a good deal written about Max Jacobsen’s unofficial treatments using amphetamines, but once again, no mention of cannabis being something President Kennedy used on the side, too.", ,unproven,"Fauxtography, cannabis, history, john f. kennedy"
34604,Alabama CPS agents took custody of a baby because his teen mother was raped.,"News outlets are generally unable to verify a family’s claims in any given CPS dispute, which creates the risk of unwarranted public alarm being generated from incidents that have practical and reasonable explanations. It’s possible that the child removals in the case cited here were tied to a 14-year-old girl’s traumatic assault, but it’s equally possible CPS agents sought summary removal of all three children for entirely different reasons.","http://www.snopes.com/flint-water-crisis-cps/, http://www.snopes.com/politics/medical/cpshomebirth.asp, http://archive.is/EVaVi, http://www.alabamaadministrativecode.state.al.us/docs/hres/660-5-34.pdf",unproven,"Viral Phenomena, alabama, CPS, CPS controversies"
35269,A drop of 21 million cellphone subscribers in China in early 2020 documents that the death toll from COVID-19 was vastly underreported in that country.,The ruling Communist Party says it is trying to prevent large gatherings from causing a new outbreak. But its tight controls appear to be part of a concerted attempt to avoid an outpouring of anguish and anger that could be a visceral reminder of its early missteps and efforts to conceal the outbreak. Those same public displays or discussions of loss could also feed skepticism over how China has counted the dead., ,unproven,"Politics, COVID-19"
34606,A video shows a mother forcibly shaving her daughter's head as punishment for making fun of a bald cancer patient.,"The details of the video (such as whom it pictures, and when and where it was taken) are unknown, there is no substantive documentation of what it depicts, the dialog is unclear, and we don’t know who filmed it or whether what it shows was real or staged, so what the video’s true backstory is remains unclear.","https://www.facebook.com/Cyberwarzone/videos/vb.188065221227859/921710044530036/?type=2&theater, https://www.facebook.com/bizarrefeed/videos/vb.1654307174827171/1765008717090349/?type=2&theater#",unproven,Fauxtography
35208,Warmer weather will inhibit the spread of the new coronavirus.,"What's true: Some viral strains, such as those that cause common cold and influenza, are less likely to spread during warmer seasons. What's false: However, according to the World Health Organization, COVID-19 “can be transmitted in ALL AREAS, including areas with hot and humid weather.” This disease will not “go away” due to warmer weather. What's undetermined: It's too early to tell if the spread of the new coronavirus that causes COVID-19 will be dampened by warm weather.", ,unproven,"Politics, COVID-19"
34339,More than four times as many people are stabbed to death than killed with rifles of any kind.,"The most recent UCR report, which contains annual homicide figures from 2014 through 2018, can be viewed here. The report features this disclaimer: “NOTE: The Uniform Crime Reporting Technical Refresh enables updating of prior years’ crime data; therefore, data presented in this table may not match previously published data.”", ,unproven,"Politics, breitbart, crime statistics, gun violence"
34334,"""""""The Amish own 20 percent of the nation's """"""""puppy mills.""""""","Because there are millions of unwanted pets in animal shelters, animal advocates generally encourage prospective pet owners to adopt from shelters and rescues instead of purchasing from breeders (but in cases where a breeder is preferred, HSUS also provides a checklist on how to find a responsible one). According to the American Society for the Prevention of Cruelty to Animals, 3.3 million dogs enter shelters every year, and of those, 670,000 are euthanized. These numbers have been in decline since 2011, owing to an increase in the number of pets adopted and lost animals successfully reunited with owners.", ,unproven,"Viral Phenomena, amish, animal abuse, animal memes"
34579,Scented candles can cause cancer (or other major health problems).,"The evidence does indicate that there are dangers associated with pollutants that result from burning candles (and incense), although how much damage can be caused (and by which candles) is still up in the air. Moderation is probably the best approach, as is keeping areas well-ventilated and not leaving candles unattended. While research noted above does seem to indicate that vegetable-based candles, like soy, are healthier, The NCA also weighed in to say that all candles burn the same and there are no more health risks associated with parafin than there are soy candles. Finally it’s a good idea to avoid the ingredient limonene, no matter how good it might smell, in any cleaning or fragrance product.","http://www.telegraph.co.uk/news/health/news/12103003/Why-scented-candles-could-cause-cancer.html, http://candles.org/wp-content/uploads/2014/05/International-Study-Shows-All-Candle-Waxes-Burn-Alike.pdf, https://nepis.epa.gov/Adobe/PDF/P1009BZL.pdf, http://www.scsu.edu/news_article.aspx?news_id=832, http://www.snopes.com/inboxer/household/leadwick.asp, http://www.sciencedirect.com/science/article/pii/S0273230014000348",unproven,"Uncategorized, candles, scented candles, toxins"
35842,A drug used to treat animal parasites like heartworm and roundworm is a potential cure for coronavirus. ,"What's undetermined: The preliminary results of several studies may show potential for the effectiveness of ivermectin as an antiviral in the treatment and prevention of COVID-19. However, it is too early to draw overarching conclusions. Clinical trials and further research are still necessary to determine whether the drug is both safe and effective in human patients infected by SARS-CoV-2.", ,unproven,"Politics Medical, COVID-19"
37988,"""""""Baby witches"""""""" on TikTok/WitchTok collaborated to """"""""hex the moon"""""""" and """"""""hex the fae"""""""" in July 2020.""""""","Around July 18 2020, WitchTok and occult groups across social media were awash in a rumor “baby witches” endeavored to “hex the moon” or “hex the fae.” Innumerable posts about the rumor appeared, but we were unable to find any credible evidence the rumor stemmed from any actual stated intent or organized efforts to cause anything but a lively discussion bordering on a moral panic — but with deep folkloric roots.","https://api.whatsapp.com/send?text=https%3A%2F%2Fwww.truthorfiction.com%2Fdid-witchtok-baby-witches-hex-the-moon%2F, https://archive.vn/i1XoF, https://www.truthorfiction.com/did-rep-john-lewis-cosplay-as-himself-at-san-diego-comic-con/, https://www.reddit.com/submit?url=https%3A%2F%2Fwww.truthorfiction.com%2Fdid-witchtok-baby-witches-hex-the-moon%2F, https://www.reddit.com/r/Drama/, https://www.reddit.com/r/OutOfTheLoop/, https://www.truthorfiction.com/does-qabalista-by-selki-girl-trigger-out-of-body-experiences/, https://www.linkedin.com/cws/share?url=https%3A%2F%2Fwww.truthorfiction.com%2Fdid-witchtok-baby-witches-hex-the-moon%2F, https://www.google.com/books/edition/Folklore_and_Myth_in_the_Mabinogion_A_Le/1CQDDQAAQBAJ?hl=en&gbpv=1&dq=Folklore%20and%20Myth%20in%20the%20Mabinogion%20-&pg=PP1&printsec=frontcover, https://www.reddit.com/r/Witch/, https://www.reddit.com/r/OutOfTheLoop/comments/hu7l1o/whats_going_on_with_hexing_the_moon/?ref_source=embed&ref=share, https://www.learnreligions.com/lore-about-fae-at-beltane-2561643, https://www.truthorfiction.com/category/reporting/, https://boards.4channel.org/x/thread/25576266/apparently-teen-witches-on-tik-tok-are-hexing-the, https://twitter.com/heyyadoraa/status/1284733782499745792, https://www.facebook.com/share.php?u=https%3A%2F%2Fwww.truthorfiction.com%2Fdid-witchtok-baby-witches-hex-the-moon%2F, https://www.google.com/books/edition/Folklore_and_Myth_in_the_Mabinogion_A_Le/1CQDDQAAQBAJ?hl=en&gbpv=1&dq=Folklore+and+Myth+in+the+Mabinogion+-&printsec=frontcover, https://www.merriam-webster.com/dictionary/hex, https://www.bbc.co.uk/wales/history/sites/themes/society/myths_mabinogion.shtml, https://twitter.com/heyyadoraa/status/1284733793442631680?ref_src=twsrc%5Etfw, https://www.reddit.com/r/Drama/comments/hu6jfn/twitter_witches_get_mad_at_other_witches_for/, https://www.truthorfiction.com/author/kim/, https://www.truthorfiction.com/category/reporting/entertainment-reporting/, https://www.reddit.com/r/Drama/comments/hu6jfn/twitter_witches_get_mad_at_other_witches_for/?ref_source=embed&ref=share, https://www.truthorfiction.com/tag/witchtok/, https://ericwedwards.wordpress.com/2015/08/14/the-origin-and-lore-of-fairies-and-fairy-land/, https://www.reddit.com/r/Wicca/comments/hu9p7q/can_someone_explain_to_me_why_the_tiktok_witches/, https://www.britannica.com/biography/William-John-Gruffydd, https://www.researchgate.net/publication/236792915_The_Meaning_of_Fairy_Tale_within_the_Evolution_of_Culture, https://www.reddit.com/r/Wicca/comments/hu9p7q/can_someone_explain_to_me_why_the_tiktok_witches/?ref_source=embed&ref=share, https://www.reddit.com/r/Wicca/, https://twitter.com/heyyadoraa/status/1284733792020832257?ref_src=twsrc%5Etfw, https://www.reddit.com/r/Witch/comments/huesxi/this_hex_the_moon_stuff_is_hilariously_stupid/?ref_source=embed&ref=share, https://www.reddit.com/r/OutOfTheLoop/comments/hu7l1o/whats_going_on_with_hexing_the_moon/, https://www.truthorfiction.com/state-of-illinois-definition-of-a-covid-19-death-ngozi-ezike/, https://supernaturalmagazine.com/articles/the-fae, https://twitter.com/intent/tweet?text=Did+WitchTok+%27Baby+Witches%27+Hex+the+Moon%3F&url=https%3A%2F%2Fwww.truthorfiction.com%2Fdid-witchtok-baby-witches-hex-the-moon%2F&via=KimLaCapria, https://www.truthorfiction.com/category/analysis/, https://d.lib.rochester.edu/camelot/text/rider-bezerra-mabinogion-project, https://www.reddit.com/r/Witch/comments/huesxi/this_hex_the_moon_stuff_is_hilariously_stupid/",unproven,"Analysis, Entertainment, Reporting"
34186,"""""""A photograph shared on social media in mid-2019 shows a """"""""skinhead"""""""" police officer with a """"""""right-wing militia"""""""" tattoo. """"""","""""""What's undetermined: We have found no evidence demonstrating that the officer wears the """"""""ΜΟΛΩΝ ΛΑΒΕ"""""""" tattoo as an expression of support for right-wing or militia groups or ideology, and the slogan is more commonly associated with Second Amendment activism and opposition to gun control. We also have found no evidence that he is involved in what could be described as a """"""""skinhead"""""""" movement or group.""""""", ,unproven,Fauxtography
